residue,pearson_abs_cv1,condmean_range_cv1,eta2_cv1,pdp_cv1,pearson_abs_cv2,condmean_range_cv2,eta2_cv2,pdp_cv2
0,0.365627,26.2795,0.379719,nan,0.216408,38.2651,0.147591,nan
1,0.38903,26.5526,0.449052,nan,0.222155,38.6045,0.171525,nan
2,0.384324,25.9366,0.442641,nan,0.219934,38.0576,0.173869,nan
3,0.322358,24.7512,0.39701,nan,0.237996,37.3624,0.175403,nan
4,0.351162,25.4965,0.414167,nan,0.245709,37.8821,0.17289,nan
5,0.427578,26.0113,0.427029,nan,0.234804,38.0725,0.174664,nan
6,0.377066,24.3838,0.378652,nan,0.240577,35.3969,0.156021,nan
7,0.276153,24.3763,0.379318,nan,0.274887,36.9085,0.174281,nan
8,0.310207,23.083,0.346723,nan,0.218445,33.2646,0.140291,nan
9,0.370229,24.8524,0.400056,nan,0.237579,35.6591,0.151861,nan
10,0.404955,24.9574,0.367956,nan,0.190615,33.3041,0.130951,nan
11,0.326642,22.573,0.317078,nan,0.134229,29.0458,0.0955489,nan
12,0.153025,21.2117,0.283558,nan,0.105492,28.7169,0.0874944,nan
13,0.154946,19.762,0.237653,nan,0.0895331,26.7223,0.0724546,nan
14,0.162124,19.8608,0.261015,nan,0.112528,26.7771,0.0811693,nan
15,0.215745,21.9099,0.294528,nan,0.0867315,27.8545,0.0828404,nan
16,0.236003,21.6676,0.293187,nan,0.0986028,26.7044,0.0816269,nan
17,0.296663,22.7761,0.32162,nan,0.0734968,27.0744,0.0895906,nan
18,0.322459,24.2383,0.354675,nan,0.0720993,28.7727,0.101949,nan
19,0.307373,22.451,0.312603,nan,0.0813669,26.778,0.089275,nan
